{"cameraMode":{"drawMode":0,"name":"Shaded","section":"Shading Mode"},"sceneLighting":false,"audioPlay":false,"sceneViewState":{"showFog":true,"showMaterialUpdate":false,"showSkybox":false,"showFlares":true,"showImageEffects":true,"showParticleSystems":true},"in2DMode":false,"pivot":{"x":-57.533287048339847,"y":22.448976516723634,"z":16.187299728393556},"rotation":{"x":0.09715799987316132,"y":-0.8599416017532349,"z":0.17843833565711976,"w":0.46822109818458559},"size":0.7260088920593262,"orthographic":false}