{"cameraMode":{"drawMode":0,"name":"Shaded","section":"Shading Mode"},"sceneLighting":true,"audioPlay":false,"sceneViewState":{"showFog":true,"showMaterialUpdate":false,"showSkybox":true,"showFlares":true,"showImageEffects":true,"showParticleSystems":true},"in2DMode":false,"pivot":{"x":455.95977783203127,"y":240.56600952148438,"z":-57.3564453125},"rotation":{"x":0.0090055912733078,"y":-0.002945813350379467,"z":-0.0001840249460656196,"w":1.0000232458114625},"size":196.5430145263672,"orthographic":false}