{"cameraMode":{"drawMode":0,"name":"Shaded","section":"Shading Mode"},"sceneLighting":true,"audioPlay":false,"sceneViewState":{"showFog":true,"showMaterialUpdate":false,"showSkybox":true,"showFlares":true,"showImageEffects":true,"showParticleSystems":true},"in2DMode":false,"pivot":{"x":-72.1734848022461,"y":26.184612274169923,"z":-41.26327133178711},"rotation":{"x":-0.012691647745668888,"y":-0.995915412902832,"z":0.015347929671406746,"w":0.08810624480247498},"size":40.46488571166992,"orthographic":false}