{"cameraMode":{"drawMode":0,"name":"Shaded","section":"Shading Mode"},"sceneLighting":true,"audioPlay":false,"sceneViewState":{"showFog":true,"showMaterialUpdate":false,"showSkybox":true,"showFlares":true,"showImageEffects":true,"showParticleSystems":true},"in2DMode":false,"pivot":{"x":-91.37184143066406,"y":21.298776626586915,"z":-0.3190249800682068},"rotation":{"x":0.15162916481494904,"y":-0.6035348176956177,"z":0.11826324462890625,"w":0.7738074064254761},"size":6.9780683517456059,"orthographic":false}