{"cameraMode":{"drawMode":0,"name":"Shaded","section":"Shading Mode"},"sceneLighting":false,"audioPlay":false,"sceneViewState":{"showFog":true,"showMaterialUpdate":false,"showSkybox":false,"showFlares":true,"showImageEffects":true,"showParticleSystems":true},"in2DMode":false,"pivot":{"x":-0.31476902961730959,"y":1.5769946575164796,"z":-0.5426903367042542},"rotation":{"x":0.1362139731645584,"y":-0.8613294363021851,"z":0.37939175963401797,"w":0.30924445390701296},"size":1.2648202180862427,"orthographic":false}